{
"MACRO_HKEY": 
{
"80000000h":"HKEY_CLASSES_ROOT",
"80000001h":"HKEY_CURRENT_USER", 
"80000002h":"HKEY_LOCAL_MACHINE", 
"80000003h":"HKEY_USERS",
"80000004h":"HKEY_PERFORMANCE_DATA",
"80000005h":"HKEY_CURRENT_CONFIG",
"80000006h":"HKEY_DYN_DATA", 
"80000007h":"HKEY_CURRENT_USER_LOCAL_SETTINGS",
"80000050h":"HKEY_PERFORMANCE_TEXT",
"80000060h":"HKEY_PERFORMANCE_NLSTEXT"
},

"MACRO_AF":
{
"0":"AF_UNSPEC",
"1": "AF_UNIX",
"2":"AF_INET",
"3":"AF_IMPLINK",
"4":"AF_PUP",
"5":"AF_CHAOS",
"6":"AF_NS",
"16":"AF_APPLETALK",
"17":"AF_NETBIOS",
"23":"AF_INET6",
"26":"AF_IRDA",
"32":"AF_BTH"
},

"MACRO_SOCK":
{
"1":"SOCK_STREAM",
"2":"SOCK_DGRAM",
"3":"SOCK_RAW",
"4":"SOCK_RDM",
"5":"SOCK_SEQPACKET",
"65535": "SOL_SOCKET"
},

"MACRO_PROTOCOL":
{
"0" : "IPPROTO_HOPOPTS",
"1" : "IPPROTO_ICMP",
"2" : "IPPROTO_IGMP",
"3" : "IPPROTO_GGP",
"4" : "IPPROTO_IPV4",
"6" : "IPPROTO_TCP",
"0Ch" : "IPPROTO_PUP",
"11h" : "IPPROTO_UDP",
"16h" : "IPPROTO_IDP",
"29h" : "IPPROTO_IPV6",
"2Bh" : "IPPROTO_ROUTING",
"2Ch" : "IPPROTO_FRAGMENT",
"32h" : "IPPROTO_ESP",
"33h" : "IPPROTO_AH",
"3Ah" : "IPPROTO_ICMPV6",
"3Bh" : "IPPROTO_NONE",
"3Ch" : "IPPROTO_DSTOPTS",
"4Dh" : "IPPROTO_ND",
"4Eh" : "IPPROTO_ICLFXBM",
"0FFh" : "IPPROTO_RAW",
"100h" : "IPPROTO_MAX",
"101h" : "IPPROTO_RESERVED_RAW",
"102h" : "IPPROTO_RESERVED_IPSEC",
"103h" : "IPPROTO_RESERVED_IPSECOFFLOAD",
"104h": "IPPROTO_RESERVED_MAX"
},

"INTERNET_SCHEME": 
{
"0":"INTERNET_SCHEME_DEFAULT", 
"1":"INTERNET_SCHEME_FTP",
"1":"INTERNET_SCHEME_FIRST",
"2":"INTERNET_SCHEME_GOPHER",
"3":"INTERNET_SCHEME_HTTP",
"4":"INTERNET_SCHEME_HTTPS",
"5":"INTERNET_SCHEME_FILE",
"6":"INTERNET_SCHEME_NEWS",
"7":"INTERNET_SCHEME_MAILTO", 
"8":"INTERNET_SCHEME_SOCKS", 
"9":"INTERNET_SCHEME_JAVASCRIPT", 
"0Ah":"INTERNET_SCHEME_VBSCRIPT",
"0Bh":"INTERNET_SCHEME_RES", 
"0Bh":"INTERNET_SCHEME_LAST", 
"0FFFFFFFEh":"INTERNET_SCHEME_PARTIAL", 
"0FFFFFFFFh":"INTERNET_SCHEME_UNKNOWN"
},

"MACRO_GENERIC": 
{
"10000000h":"GENERIC_ALL", 
"20000000h":"GENERIC_EXECUTE",
"40000000h":"GENERIC_WRITE",
"80000000h":"GENERIC_READ"
},

"MACRO_STATUS": 
{
"80000001h": "STATUS_GUARD_PAGE_VIOLATION",
"80000002h": "STATUS_DATATYPE_MISALIGNMENT",
"80000003h": "STATUS_BREAKPOINT" ,
"80000004h": "STATUS_SINGLE_STEP" ,
"80000005h": "STATUS_BUFFER_OVERFLOW" ,
"80000006h": "STATUS_NO_MORE_FILES" ,
"80000007h": "STATUS_WAKE_SYSTEM_DEBUGGER" ,
"8000000Ah": "STATUS_HANDLES_CLOSED",
"8000000Bh": "STATUS_NO_INHERITANCE",
"8000000Ch": "STATUS_GUID_SUBSTITUTION_MADE",
"8000000Dh": "STATUS_PARTIAL_COPY",
"8000000Eh": "STATUS_DEVICE_PAPER_EMPTY" ,
"8000000Fh": "STATUS_DEVICE_POWERED_OFF",
"80000010h": "STATUS_DEVICE_OFF_LINE" ,
"80000011h": "STATUS_DEVICE_BUSY" ,
"80000012h": "STATUS_NO_MORE_EAS" ,
"80000013h": "STATUS_INVALID_EA_NAME" ,
"80000014h": "STATUS_EA_LIST_INCONSISTENT" ,
"80000015h": "STATUS_INVALID_EA_FLAG" ,
"80000016h": "STATUS_VERIFY_REQUIRED" ,
"80000017h": "STATUS_EXTRANEOUS_INFORMATION" ,
"80000018h": "STATUS_RXACT_COMMIT_NECESSARY" ,
"8000001Ah": "STATUS_NO_MORE_ENTRIES" ,
"8000001Bh": "STATUS_FILEMARK_DETECTED",
"8000001Ch": "STATUS_MEDIA_CHANGED",
"8000001Dh": "STATUS_BUS_RESET" ,
"8000001Eh": "STATUS_END_OF_MEDIA",
"8000001Fh": "STATUS_BEGINNING_OF_MEDIA" ,
"80000020h": "STATUS_MEDIA_CHECK" ,
"80000021h": "STATUS_SETMARK_DETECTED" ,
"80000022h": "STATUS_NO_DATA_DETECTED" ,
"80000023h": "STATUS_REDIRECTOR_HAS_OPEN_HANDLES" ,
"80000024h": "STATUS_SERVER_HAS_OPEN_HANDLES" ,
"80000025h": "STATUS_ALREADY_DISCONNECTED" ,
"80000026h": "STATUS_LONGJUMP" ,
"80000027h": "STATUS_CLEANER_CARTRIDGE_INSTALLED" ,
"80000028h": "STATUS_PLUGPLAY_QUERY_VETOED" ,
"80000029h": "STATUS_UNWIND_CONSOLIDATE" ,
"8000002Ah": "STATUS_REGISTRY_HIVE_RECOVERED" ,
"8000002Bh": "STATUS_DLL_MIGHT_BE_INSECURE" ,
"8000002Ch": "STATUS_DLL_MIGHT_BE_INCOMPATIBLE" ,
"8000002Dh": "STATUS_STOPPED_ON_SYMLINK" ,
"8000002Eh": "STATUS_CANNOT_GRANT_REQUESTED_OPLOCK" ,
"8000002Fh": "STATUS_NO_ACE_CONDITION"
},

"MACRO_HTTP_QUERY": 
{
"0": "HTTP_QUERY_MIME_VERSION" , 
"1": "HTTP_QUERY_CONTENT_TYPE" , 
"2": "HTTP_QUERY_CONTENT_TRANSFER_ENCODING" , 
"3": "HTTP_QUERY_CONTENT_ID" , 
"4": "HTTP_QUERY_CONTENT_DESCRIPTION  ", 
"5": "HTTP_QUERY_CONTENT_LENGTH  " , 
"6": "HTTP_QUERY_CONTENT_LANGUAGE  ",
"7": "HTTP_QUERY_ALLOW  " , 
"8": "HTTP_QUERY_PUBLIC  " , 
"9": "HTTP_QUERY_DATE  " , 
"10": "HTTP_QUERY_EXPIRES  " , 
"11": "HTTP_QUERY_LAST_MODIFIED  " , 
"12": "HTTP_QUERY_MESSAGE_ID  " , 
"13": "HTTP_QUERY_URI   " , 
"14": "HTTP_QUERY_DERIVED_FROM  " , 
"15": "HTTP_QUERY_COST  " , 
"16": "HTTP_QUERY_LINK  " , 
"17": "HTTP_QUERY_PRAGMA  " , 
"18": "HTTP_QUERY_VERSION  " , 
"19": "HTTP_QUERY_STATUS_CODE  " , 
"20": "HTTP_QUERY_STATUS_TEXT  " , 
"21": "HTTP_QUERY_RAW_HEADERS  " , 
"22": "HTTP_QUERY_RAW_HEADERS_CRLF  " , 
"23": "HTTP_QUERY_CONNECTION  " , 
"24": "HTTP_QUERY_ACCEPT  " , 
"25": "HTTP_QUERY_ACCEPT_CHARSET  " , 
"26": "HTTP_QUERY_ACCEPT_ENCODING  " , 
"27": "HTTP_QUERY_ACCEPT_LANGUAGE  " , 
"28": "HTTP_QUERY_AUTHORIZATION  " , 
"29": "HTTP_QUERY_CONTENT_ENCODING  " ,
"30": "HTTP_QUERY_FORWARDED  " , 
"31": "HTTP_QUERY_FROM  " , 
"32": "HTTP_QUERY_IF_MODIFIED_SINCE  " , 
"33": "HTTP_QUERY_LOCATION  " , 
"34": "HTTP_QUERY_ORIG_URI  " ,
"35": "HTTP_QUERY_REFERER  " ,
"36": "HTTP_QUERY_RETRY_AFTER  " ,
"37": "HTTP_QUERY_SERVER  " ,
"38": "HTTP_QUERY_TITLE  " ,
"39": "HTTP_QUERY_USER_AGENT  " ,
"40": "HTTP_QUERY_WWW_AUTHENTICATE  " , 
"41": "HTTP_QUERY_PROXY_AUTHENTICATE  " ,
"42": "HTTP_QUERY_ACCEPT_RANGES  " ,
"43": "HTTP_QUERY_SET_COOKIE  " ,
"44": "HTTP_QUERY_COOKIE  " ,
"45": "HTTP_QUERY_REQUEST_METHOD  " ,
"46": "HTTP_QUERY_REFRESH  " ,
"47": "HTTP_QUERY_CONTENT_DISPOSITION  " ,
"48": "HTTP_QUERY_AGE   " ,
"49": "HTTP_QUERY_CACHE_CONTROL  " ,
"50": "HTTP_QUERY_CONTENT_BASE  " ,
"51": "HTTP_QUERY_CONTENT_LOCATION  " ,
"52": "HTTP_QUERY_CONTENT_MD5  " ,
"53": "HTTP_QUERY_CONTENT_RANGE  " ,
"54": "HTTP_QUERY_ETAG  " ,
"55": "HTTP_QUERY_HOST  " ,
"56": "HTTP_QUERY_IF_MATCH  " ,
"57": "HTTP_QUERY_IF_NONE_MATCH  " ,
"58": "HTTP_QUERY_IF_RANGE  " ,
"59": "HTTP_QUERY_IF_UNMODIFIED_SINCE  " ,
"60": "HTTP_QUERY_MAX_FORWARDS  " ,
"61": "HTTP_QUERY_PROXY_AUTHORIZATION  " ,
"62": "HTTP_QUERY_RANGE  " ,
"63": "HTTP_QUERY_TRANSFER_ENCODING  " ,
"64": "HTTP_QUERY_UPGRADE  " ,
"65": "HTTP_QUERY_VARY  " ,
"66": "HTTP_QUERY_VIA   " ,
"67": "HTTP_QUERY_WARNING  " ,
"68": "HTTP_QUERY_EXPECT  " ,
"69": "HTTP_QUERY_PROXY_CONNECTION  " , 
"70": "HTTP_QUERY_UNLESS_MODIFIED_SINCE  " , 
"71": "HTTP_QUERY_ECHO_REQUEST  " , 
"72": "HTTP_QUERY_ECHO_REPLY  " , 
"73": "HTTP_QUERY_ECHO_HEADERS  " , 
"74": "HTTP_QUERY_ECHO_HEADERS_CRLF  " , 
"75": "HTTP_QUERY_PROXY_SUPPORT  " , 
"76": "HTTP_QUERY_AUTHENTICATION_INFO  " , 
"77": "HTTP_QUERY_PASSPORT_URLS  " , 
"78": "HTTP_QUERY_PASSPORT_CONFIG  "
}
}